HOSTNAME,STATUS,TIME
PHREGIONDEPARTMENT0001
PHREGIONDEPARTMENT0002
PHREGIONDEPARTMENT0003
PHREGIONDEPARTMENT0004
PHREGIONDEPARTMENT0005
PHREGIONDEPARTMENT0006
PHREGIONDEPARTMENT0007
PHREGIONDEPARTMENT0008
PHREGIONDEPARTMENT0009
PHREGIONDEPARTMENT0010
PHREGIONDEPARTMENT0011
PHREGIONDEPARTMENT0012
PHREGIONDEPARTMENT0013
PHREGIONDEPARTMENT0014
PHREGIONDEPARTMENT0015
PHREGIONDEPARTMENT0016
PHREGIONDEPARTMENT0017
PHREGIONDEPARTMENT0018
PHREGIONDEPARTMENT0019
PHREGIONDEPARTMENT0020
PHREGIONDEPARTMENT0021
PHREGIONDEPARTMENT0022
PHREGIONDEPARTMENT0023
PHREGIONDEPARTMENT0024
PHREGIONDEPARTMENT0025
PHREGIONDEPARTMENT0026
PHREGIONDEPARTMENT0027
PHREGIONDEPARTMENT0028
PHREGIONDEPARTMENT0029
PHREGIONDEPARTMENT0030
PHREGIONDEPARTMENT0031
PHREGIONDEPARTMENT0032
PHREGIONDEPARTMENT0033
PHREGIONDEPARTMENT0034
PHREGIONDEPARTMENT0035
PHREGIONDEPARTMENT0036
PHREGIONDEPARTMENT0037
PHREGIONDEPARTMENT0038
PHREGIONDEPARTMENT0039
PHREGIONDEPARTMENT0040
PHREGIONDEPARTMENT0041
PHREGIONDEPARTMENT0042
PHREGIONDEPARTMENT0043
PHREGIONDEPARTMENT0044
PHREGIONDEPARTMENT0045
PHREGIONDEPARTMENT0046
PHREGIONDEPARTMENT0047
PHREGIONDEPARTMENT0048
PHREGIONDEPARTMENT0049
PHREGIONDEPARTMENT0050
PHREGIONDEPARTMENT0051
PHREGIONDEPARTMENT0052
PHREGIONDEPARTMENT0053
PHREGIONDEPARTMENT0054
PHREGIONDEPARTMENT0055
PHREGIONDEPARTMENT0056
PHREGIONDEPARTMENT0057
PHREGIONDEPARTMENT0058
PHREGIONDEPARTMENT0059
PHREGIONDEPARTMENT0060
PHREGIONDEPARTMENT0061
PHREGIONDEPARTMENT0062
PHREGIONDEPARTMENT0063
PHREGIONDEPARTMENT0064
PHREGIONDEPARTMENT0065
PHREGIONDEPARTMENT0066
PHREGIONDEPARTMENT0067
PHREGIONDEPARTMENT0068
PHREGIONDEPARTMENT0069
PHREGIONDEPARTMENT0070
PHREGIONDEPARTMENT0071
PHREGIONDEPARTMENT0072
PHREGIONDEPARTMENT0073
PHREGIONDEPARTMENT0074
PHREGIONDEPARTMENT0075
PHREGIONDEPARTMENT0076
PHREGIONDEPARTMENT0077
PHREGIONDEPARTMENT0078
PHREGIONDEPARTMENT0079
PHREGIONDEPARTMENT0080
PHREGIONDEPARTMENT0081
PHREGIONDEPARTMENT0082
PHREGIONDEPARTMENT0083
PHREGIONDEPARTMENT0084
PHREGIONDEPARTMENT0085
PHREGIONDEPARTMENT0086
PHREGIONDEPARTMENT0087
PHREGIONDEPARTMENT0088
PHREGIONDEPARTMENT0089
PHREGIONDEPARTMENT0090
PHREGIONDEPARTMENT0091
PHREGIONDEPARTMENT0092
PHREGIONDEPARTMENT0093
PHREGIONDEPARTMENT0094
PHREGIONDEPARTMENT0095
PHREGIONDEPARTMENT0096
PHREGIONDEPARTMENT0097
PHREGIONDEPARTMENT0098
PHREGIONDEPARTMENT0099
PHREGIONDEPARTMENT0100
PHREGIONDEPARTMENT0101
PHREGIONDEPARTMENT0102
PHREGIONDEPARTMENT0103
PHREGIONDEPARTMENT0104
PHREGIONDEPARTMENT0105
PHREGIONDEPARTMENT0106
PHREGIONDEPARTMENT0107
PHREGIONDEPARTMENT0108
PHREGIONDEPARTMENT0109
PHREGIONDEPARTMENT0110
PHREGIONDEPARTMENT0111
PHREGIONDEPARTMENT0112
PHREGIONDEPARTMENT0113
PHREGIONDEPARTMENT0114
PHREGIONDEPARTMENT0115
PHREGIONDEPARTMENT0116
PHREGIONDEPARTMENT0117
PHREGIONDEPARTMENT0118
PHREGIONDEPARTMENT0119
PHREGIONDEPARTMENT0120
PHREGIONDEPARTMENT0121
PHREGIONDEPARTMENT0122
PHREGIONDEPARTMENT0123
PHREGIONDEPARTMENT0124
PHREGIONDEPARTMENT0125
PHREGIONDEPARTMENT0126
PHREGIONDEPARTMENT0127
PHREGIONDEPARTMENT0128
PHREGIONDEPARTMENT0129
PHREGIONDEPARTMENT0130
PHREGIONDEPARTMENT0131
PHREGIONDEPARTMENT0132
PHREGIONDEPARTMENT0133
PHREGIONDEPARTMENT0134
PHREGIONDEPARTMENT0135
PHREGIONDEPARTMENT0136
PHREGIONDEPARTMENT0137
PHREGIONDEPARTMENT0138
PHREGIONDEPARTMENT0139
PHREGIONDEPARTMENT0140
PHREGIONDEPARTMENT0141
PHREGIONDEPARTMENT0142
PHREGIONDEPARTMENT0143
PHREGIONDEPARTMENT0144
PHREGIONDEPARTMENT0145
PHREGIONDEPARTMENT0146
PHREGIONDEPARTMENT0147
PHREGIONDEPARTMENT0148
PHREGIONDEPARTMENT0149
PHREGIONDEPARTMENT0150
PHREGIONDEPARTMENT0151
PHREGIONDEPARTMENT0152
PHREGIONDEPARTMENT0153
PHREGIONDEPARTMENT0154
PHREGIONDEPARTMENT0155
PHREGIONDEPARTMENT0156
PHREGIONDEPARTMENT0157
PHREGIONDEPARTMENT0158
PHREGIONDEPARTMENT0159
PHREGIONDEPARTMENT0160
PHREGIONDEPARTMENT0161
PHREGIONDEPARTMENT0162
PHREGIONDEPARTMENT0163
PHREGIONDEPARTMENT0164
PHREGIONDEPARTMENT0165
PHREGIONDEPARTMENT0166
PHREGIONDEPARTMENT0167
PHREGIONDEPARTMENT0168
PHREGIONDEPARTMENT0169
PHREGIONDEPARTMENT0170
PHREGIONDEPARTMENT0171
PHREGIONDEPARTMENT0172
PHREGIONDEPARTMENT0173
PHREGIONDEPARTMENT0174
PHREGIONDEPARTMENT0175
PHREGIONDEPARTMENT0176
PHREGIONDEPARTMENT0177
PHREGIONDEPARTMENT0178
PHREGIONDEPARTMENT0179
PHREGIONDEPARTMENT0180
PHREGIONDEPARTMENT0181
PHREGIONDEPARTMENT0182
PHREGIONDEPARTMENT0183
PHREGIONDEPARTMENT0184
PHREGIONDEPARTMENT0185
PHREGIONDEPARTMENT0186
PHREGIONDEPARTMENT0187
PHREGIONDEPARTMENT0188
PHREGIONDEPARTMENT0189
PHREGIONDEPARTMENT0190
PHREGIONDEPARTMENT0191
PHREGIONDEPARTMENT0192
PHREGIONDEPARTMENT0193
PHREGIONDEPARTMENT0194
PHREGIONDEPARTMENT0195
PHREGIONDEPARTMENT0196
PHREGIONDEPARTMENT0197
PHREGIONDEPARTMENT0198
PHREGIONDEPARTMENT0199
PHREGIONDEPARTMENT0200
PHREGIONDEPARTMENT0201
PHREGIONDEPARTMENT0202
PHREGIONDEPARTMENT0203
PHREGIONDEPARTMENT0204
PHREGIONDEPARTMENT0205
PHREGIONDEPARTMENT0206
PHREGIONDEPARTMENT0207
PHREGIONDEPARTMENT0208
PHREGIONDEPARTMENT0209
PHREGIONDEPARTMENT0210
PHREGIONDEPARTMENT0211
PHREGIONDEPARTMENT0212
PHREGIONDEPARTMENT0213
PHREGIONDEPARTMENT0214
PHREGIONDEPARTMENT0215
PHREGIONDEPARTMENT0216
PHREGIONDEPARTMENT0217
PHREGIONDEPARTMENT0218
PHREGIONDEPARTMENT0219
PHREGIONDEPARTMENT0220
PHREGIONDEPARTMENT0221
PHREGIONDEPARTMENT0222
PHREGIONDEPARTMENT0223
PHREGIONDEPARTMENT0224
PHREGIONDEPARTMENT0225
PHREGIONDEPARTMENT0226
PHREGIONDEPARTMENT0227
PHREGIONDEPARTMENT0228
PHREGIONDEPARTMENT0229
PHREGIONDEPARTMENT0230
PHREGIONDEPARTMENT0231
PHREGIONDEPARTMENT0232
PHREGIONDEPARTMENT0233
PHREGIONDEPARTMENT0234
PHREGIONDEPARTMENT0235
PHREGIONDEPARTMENT0236
PHREGIONDEPARTMENT0237
PHREGIONDEPARTMENT0238
PHREGIONDEPARTMENT0239
PHREGIONDEPARTMENT0240
PHREGIONDEPARTMENT0241
PHREGIONDEPARTMENT0242
PHREGIONDEPARTMENT0243
PHREGIONDEPARTMENT0244
PHREGIONDEPARTMENT0245
PHREGIONDEPARTMENT0246
PHREGIONDEPARTMENT0247
PHREGIONDEPARTMENT0248
PHREGIONDEPARTMENT0249
PHREGIONDEPARTMENT0250
PHREGIONDEPARTMENT0251
PHREGIONDEPARTMENT0252
PHREGIONDEPARTMENT0253
PHREGIONDEPARTMENT0254
PHREGIONDEPARTMENT0255
PHREGIONDEPARTMENT0256
PHREGIONDEPARTMENT0257
PHREGIONDEPARTMENT0258
PHREGIONDEPARTMENT0259
PHREGIONDEPARTMENT0260
PHREGIONDEPARTMENT0261
PHREGIONDEPARTMENT0262
PHREGIONDEPARTMENT0263
PHREGIONDEPARTMENT0264
PHREGIONDEPARTMENT0265
PHREGIONDEPARTMENT0266
PHREGIONDEPARTMENT0267
PHREGIONDEPARTMENT0268
PHREGIONDEPARTMENT0269
PHREGIONDEPARTMENT0270
PHREGIONDEPARTMENT0271
PHREGIONDEPARTMENT0272
PHREGIONDEPARTMENT0273
PHREGIONDEPARTMENT0274
PHREGIONDEPARTMENT0275
PHREGIONDEPARTMENT0276
PHREGIONDEPARTMENT0277
PHREGIONDEPARTMENT0278
PHREGIONDEPARTMENT0279
PHREGIONDEPARTMENT0280
PHREGIONDEPARTMENT0281
PHREGIONDEPARTMENT0282
PHREGIONDEPARTMENT0283
PHREGIONDEPARTMENT0284
PHREGIONDEPARTMENT0285
PHREGIONDEPARTMENT0286
PHREGIONDEPARTMENT0287
PHREGIONDEPARTMENT0288
PHREGIONDEPARTMENT0289
PHREGIONDEPARTMENT0290
PHREGIONDEPARTMENT0291
PHREGIONDEPARTMENT0292
PHREGIONDEPARTMENT0293
PHREGIONDEPARTMENT0294
PHREGIONDEPARTMENT0295
PHREGIONDEPARTMENT0296
PHREGIONDEPARTMENT0297
PHREGIONDEPARTMENT0298
PHREGIONDEPARTMENT0299
PHREGIONDEPARTMENT0300
PHREGIONDEPARTMENT0301
PHREGIONDEPARTMENT0302
PHREGIONDEPARTMENT0303
PHREGIONDEPARTMENT0304
PHREGIONDEPARTMENT0305
PHREGIONDEPARTMENT0306
PHREGIONDEPARTMENT0307
PHREGIONDEPARTMENT0308
PHREGIONDEPARTMENT0309
PHREGIONDEPARTMENT0310
PHREGIONDEPARTMENT0311
PHREGIONDEPARTMENT0312
PHREGIONDEPARTMENT0313
PHREGIONDEPARTMENT0314
PHREGIONDEPARTMENT0315
PHREGIONDEPARTMENT0316
PHREGIONDEPARTMENT0317
PHREGIONDEPARTMENT0318
PHREGIONDEPARTMENT0319
PHREGIONDEPARTMENT0320
PHREGIONDEPARTMENT0321
PHREGIONDEPARTMENT0322
PHREGIONDEPARTMENT0323
PHREGIONDEPARTMENT0324
PHREGIONDEPARTMENT0325
PHREGIONDEPARTMENT0326
PHREGIONDEPARTMENT0327
PHREGIONDEPARTMENT0328
PHREGIONDEPARTMENT0329
PHREGIONDEPARTMENT0330
PHREGIONDEPARTMENT0331
PHREGIONDEPARTMENT0332
PHREGIONDEPARTMENT0333
PHREGIONDEPARTMENT0334
PHREGIONDEPARTMENT0335
PHREGIONDEPARTMENT0336
PHREGIONDEPARTMENT0337
PHREGIONDEPARTMENT0338
PHREGIONDEPARTMENT0339
PHREGIONDEPARTMENT0340
PHREGIONDEPARTMENT0341
PHREGIONDEPARTMENT0342
PHREGIONDEPARTMENT0343
PHREGIONDEPARTMENT0344
PHREGIONDEPARTMENT0345
PHREGIONDEPARTMENT0346
PHREGIONDEPARTMENT0347
PHREGIONDEPARTMENT0348
PHREGIONDEPARTMENT0349
PHREGIONDEPARTMENT0350
PHREGIONDEPARTMENT0351
PHREGIONDEPARTMENT0352
PHREGIONDEPARTMENT0353
PHREGIONDEPARTMENT0354
PHREGIONDEPARTMENT0355
PHREGIONDEPARTMENT0356
PHREGIONDEPARTMENT0357
PHREGIONDEPARTMENT0358
PHREGIONDEPARTMENT0359
PHREGIONDEPARTMENT0360
PHREGIONDEPARTMENT0361
PHREGIONDEPARTMENT0362
PHREGIONDEPARTMENT0363
PHREGIONDEPARTMENT0364
PHREGIONDEPARTMENT0365
PHREGIONDEPARTMENT0366
PHREGIONDEPARTMENT0367
PHREGIONDEPARTMENT0368
PHREGIONDEPARTMENT0369
PHREGIONDEPARTMENT0370
PHREGIONDEPARTMENT0371
PHREGIONDEPARTMENT0372
PHREGIONDEPARTMENT0373
PHREGIONDEPARTMENT0374
PHREGIONDEPARTMENT0375
PHREGIONDEPARTMENT0376
PHREGIONDEPARTMENT0377
PHREGIONDEPARTMENT0378
PHREGIONDEPARTMENT0379
PHREGIONDEPARTMENT0380
PHREGIONDEPARTMENT0381
PHREGIONDEPARTMENT0382
PHREGIONDEPARTMENT0383
PHREGIONDEPARTMENT0384
PHREGIONDEPARTMENT0385
PHREGIONDEPARTMENT0386
PHREGIONDEPARTMENT0387
PHREGIONDEPARTMENT0388
PHREGIONDEPARTMENT0389
PHREGIONDEPARTMENT0390
PHREGIONDEPARTMENT0391
PHREGIONDEPARTMENT0392
PHREGIONDEPARTMENT0393
PHREGIONDEPARTMENT0394
PHREGIONDEPARTMENT0395
PHREGIONDEPARTMENT0396
PHREGIONDEPARTMENT0397
PHREGIONDEPARTMENT0398
PHREGIONDEPARTMENT0399
PHREGIONDEPARTMENT0400
PHREGIONDEPARTMENT0401
PHREGIONDEPARTMENT0402
PHREGIONDEPARTMENT0403
PHREGIONDEPARTMENT0404
PHREGIONDEPARTMENT0405
PHREGIONDEPARTMENT0406
PHREGIONDEPARTMENT0407
PHREGIONDEPARTMENT0408
PHREGIONDEPARTMENT0409
PHREGIONDEPARTMENT0410
PHREGIONDEPARTMENT0411
PHREGIONDEPARTMENT0412
PHREGIONDEPARTMENT0413
PHREGIONDEPARTMENT0414
PHREGIONDEPARTMENT0415
PHREGIONDEPARTMENT0416
PHREGIONDEPARTMENT0417
PHREGIONDEPARTMENT0418
PHREGIONDEPARTMENT0419
PHREGIONDEPARTMENT0420
PHREGIONDEPARTMENT0421
PHREGIONDEPARTMENT0422
PHREGIONDEPARTMENT0423
PHREGIONDEPARTMENT0424
PHREGIONDEPARTMENT0425
PHREGIONDEPARTMENT0426
PHREGIONDEPARTMENT0427
PHREGIONDEPARTMENT0428
PHREGIONDEPARTMENT0429
PHREGIONDEPARTMENT0430
PHREGIONDEPARTMENT0431
PHREGIONDEPARTMENT0432
PHREGIONDEPARTMENT0433
PHREGIONDEPARTMENT0434
PHREGIONDEPARTMENT0435
PHREGIONDEPARTMENT0436
PHREGIONDEPARTMENT0437
PHREGIONDEPARTMENT0438
PHREGIONDEPARTMENT0439
PHREGIONDEPARTMENT0440
PHREGIONDEPARTMENT0441
PHREGIONDEPARTMENT0442
PHREGIONDEPARTMENT0443
PHREGIONDEPARTMENT0444
PHREGIONDEPARTMENT0445
PHREGIONDEPARTMENT0446
PHREGIONDEPARTMENT0447
PHREGIONDEPARTMENT0448
PHREGIONDEPARTMENT0449
PHREGIONDEPARTMENT0450
PHREGIONDEPARTMENT0451
PHREGIONDEPARTMENT0452
PHREGIONDEPARTMENT0453
PHREGIONDEPARTMENT0454
PHREGIONDEPARTMENT0455
PHREGIONDEPARTMENT0456
PHREGIONDEPARTMENT0457
PHREGIONDEPARTMENT0458
PHREGIONDEPARTMENT0459
PHREGIONDEPARTMENT0460
PHREGIONDEPARTMENT0461
PHREGIONDEPARTMENT0462
PHREGIONDEPARTMENT0463
PHREGIONDEPARTMENT0464
PHREGIONDEPARTMENT0465
PHREGIONDEPARTMENT0466
PHREGIONDEPARTMENT0467
PHREGIONDEPARTMENT0468
PHREGIONDEPARTMENT0469
PHREGIONDEPARTMENT0470
PHREGIONDEPARTMENT0471
PHREGIONDEPARTMENT0472
PHREGIONDEPARTMENT0473
PHREGIONDEPARTMENT0474
PHREGIONDEPARTMENT0475
PHREGIONDEPARTMENT0476
PHREGIONDEPARTMENT0477
PHREGIONDEPARTMENT0478
PHREGIONDEPARTMENT0479
PHREGIONDEPARTMENT0480
PHREGIONDEPARTMENT0481
PHREGIONDEPARTMENT0482
PHREGIONDEPARTMENT0483
PHREGIONDEPARTMENT0484
PHREGIONDEPARTMENT0485
PHREGIONDEPARTMENT0486
PHREGIONDEPARTMENT0487
PHREGIONDEPARTMENT0488
PHREGIONDEPARTMENT0489
PHREGIONDEPARTMENT0490
PHREGIONDEPARTMENT0491
PHREGIONDEPARTMENT0492
PHREGIONDEPARTMENT0493
PHREGIONDEPARTMENT0494
PHREGIONDEPARTMENT0495
PHREGIONDEPARTMENT0496
PHREGIONDEPARTMENT0497
PHREGIONDEPARTMENT0498
PHREGIONDEPARTMENT0499
PHREGIONDEPARTMENT0500
PHREGIONDEPARTMENT0501
PHREGIONDEPARTMENT0502
PHREGIONDEPARTMENT0503
PHREGIONDEPARTMENT0504
PHREGIONDEPARTMENT0505
PHREGIONDEPARTMENT0506
PHREGIONDEPARTMENT0507
PHREGIONDEPARTMENT0508
PHREGIONDEPARTMENT0509
PHREGIONDEPARTMENT0510
PHREGIONDEPARTMENT0511
PHREGIONDEPARTMENT0512
PHREGIONDEPARTMENT0513
PHREGIONDEPARTMENT0514
PHREGIONDEPARTMENT0515
PHREGIONDEPARTMENT0516
PHREGIONDEPARTMENT0517
PHREGIONDEPARTMENT0518
PHREGIONDEPARTMENT0519
PHREGIONDEPARTMENT0520
PHREGIONDEPARTMENT0521
PHREGIONDEPARTMENT0522
PHREGIONDEPARTMENT0523
PHREGIONDEPARTMENT0524
PHREGIONDEPARTMENT0525
PHREGIONDEPARTMENT0526
PHREGIONDEPARTMENT0527
PHREGIONDEPARTMENT0528
PHREGIONDEPARTMENT0529
PHREGIONDEPARTMENT0530
PHREGIONDEPARTMENT0531
PHREGIONDEPARTMENT0532
PHREGIONDEPARTMENT0533
PHREGIONDEPARTMENT0534
PHREGIONDEPARTMENT0535
PHREGIONDEPARTMENT0536
PHREGIONDEPARTMENT0537
PHREGIONDEPARTMENT0538
PHREGIONDEPARTMENT0539
PHREGIONDEPARTMENT0540
PHREGIONDEPARTMENT0541
PHREGIONDEPARTMENT0542
PHREGIONDEPARTMENT0543
PHREGIONDEPARTMENT0544
PHREGIONDEPARTMENT0545
PHREGIONDEPARTMENT0546
PHREGIONDEPARTMENT0547
PHREGIONDEPARTMENT0548
PHREGIONDEPARTMENT0549
PHREGIONDEPARTMENT0550
PHREGIONDEPARTMENT0551
PHREGIONDEPARTMENT0552
PHREGIONDEPARTMENT0553
PHREGIONDEPARTMENT0554
PHREGIONDEPARTMENT0555
PHREGIONDEPARTMENT0556
PHREGIONDEPARTMENT0557
PHREGIONDEPARTMENT0558
PHREGIONDEPARTMENT0559
PHREGIONDEPARTMENT0560
PHREGIONDEPARTMENT0561
PHREGIONDEPARTMENT0562
PHREGIONDEPARTMENT0563
PHREGIONDEPARTMENT0564
PHREGIONDEPARTMENT0565
PHREGIONDEPARTMENT0566
PHREGIONDEPARTMENT0567
PHREGIONDEPARTMENT0568
PHREGIONDEPARTMENT0569
PHREGIONDEPARTMENT0570
PHREGIONDEPARTMENT0571
PHREGIONDEPARTMENT0572
PHREGIONDEPARTMENT0573
PHREGIONDEPARTMENT0574
PHREGIONDEPARTMENT0575
PHREGIONDEPARTMENT0576
PHREGIONDEPARTMENT0577
PHREGIONDEPARTMENT0578
PHREGIONDEPARTMENT0579
PHREGIONDEPARTMENT0580
PHREGIONDEPARTMENT0581
PHREGIONDEPARTMENT0582
PHREGIONDEPARTMENT0583
PHREGIONDEPARTMENT0584
PHREGIONDEPARTMENT0585
PHREGIONDEPARTMENT0586
PHREGIONDEPARTMENT0587
PHREGIONDEPARTMENT0588
PHREGIONDEPARTMENT0589
PHREGIONDEPARTMENT0590
PHREGIONDEPARTMENT0591
PHREGIONDEPARTMENT0592
PHREGIONDEPARTMENT0593
PHREGIONDEPARTMENT0594
PHREGIONDEPARTMENT0595
PHREGIONDEPARTMENT0596
PHREGIONDEPARTMENT0597
PHREGIONDEPARTMENT0598
PHREGIONDEPARTMENT0599
PHREGIONDEPARTMENT0600
PHREGIONDEPARTMENT0601
PHREGIONDEPARTMENT0602
PHREGIONDEPARTMENT0603
PHREGIONDEPARTMENT0604
PHREGIONDEPARTMENT0605
PHREGIONDEPARTMENT0606
PHREGIONDEPARTMENT0607
PHREGIONDEPARTMENT0608
PHREGIONDEPARTMENT0609
PHREGIONDEPARTMENT0610
PHREGIONDEPARTMENT0611
PHREGIONDEPARTMENT0612
PHREGIONDEPARTMENT0613
PHREGIONDEPARTMENT0614
PHREGIONDEPARTMENT0615
PHREGIONDEPARTMENT0616
PHREGIONDEPARTMENT0617
PHREGIONDEPARTMENT0618
PHREGIONDEPARTMENT0619
PHREGIONDEPARTMENT0620
PHREGIONDEPARTMENT0621
PHREGIONDEPARTMENT0622
PHREGIONDEPARTMENT0623
PHREGIONDEPARTMENT0624
PHREGIONDEPARTMENT0625
PHREGIONDEPARTMENT0626
PHREGIONDEPARTMENT0627
PHREGIONDEPARTMENT0628
PHREGIONDEPARTMENT0629
PHREGIONDEPARTMENT0630
PHREGIONDEPARTMENT0631
PHREGIONDEPARTMENT0632
PHREGIONDEPARTMENT0633
PHREGIONDEPARTMENT0634
PHREGIONDEPARTMENT0635
PHREGIONDEPARTMENT0636
PHREGIONDEPARTMENT0637
PHREGIONDEPARTMENT0638
PHREGIONDEPARTMENT0639
PHREGIONDEPARTMENT0640
PHREGIONDEPARTMENT0641
PHREGIONDEPARTMENT0642
PHREGIONDEPARTMENT0643
PHREGIONDEPARTMENT0644
PHREGIONDEPARTMENT0645
PHREGIONDEPARTMENT0646
PHREGIONDEPARTMENT0647
PHREGIONDEPARTMENT0648
PHREGIONDEPARTMENT0649
PHREGIONDEPARTMENT0650
PHREGIONDEPARTMENT0651
PHREGIONDEPARTMENT0652
PHREGIONDEPARTMENT0653
PHREGIONDEPARTMENT0654
PHREGIONDEPARTMENT0655
PHREGIONDEPARTMENT0656
PHREGIONDEPARTMENT0657
PHREGIONDEPARTMENT0658
PHREGIONDEPARTMENT0659
PHREGIONDEPARTMENT0660
PHREGIONDEPARTMENT0661
PHREGIONDEPARTMENT0662
PHREGIONDEPARTMENT0663
PHREGIONDEPARTMENT0664
PHREGIONDEPARTMENT0665
PHREGIONDEPARTMENT0666
PHREGIONDEPARTMENT0667
PHREGIONDEPARTMENT0668
PHREGIONDEPARTMENT0669
PHREGIONDEPARTMENT0670
PHREGIONDEPARTMENT0671
PHREGIONDEPARTMENT0672
PHREGIONDEPARTMENT0673
PHREGIONDEPARTMENT0674
PHREGIONDEPARTMENT0675
PHREGIONDEPARTMENT0676
PHREGIONDEPARTMENT0677
PHREGIONDEPARTMENT0678
PHREGIONDEPARTMENT0679
PHREGIONDEPARTMENT0680
PHREGIONDEPARTMENT0681
PHREGIONDEPARTMENT0682
PHREGIONDEPARTMENT0683
PHREGIONDEPARTMENT0684
PHREGIONDEPARTMENT0685
PHREGIONDEPARTMENT0686
PHREGIONDEPARTMENT0687
PHREGIONDEPARTMENT0688
PHREGIONDEPARTMENT0689
PHREGIONDEPARTMENT0690
PHREGIONDEPARTMENT0691
PHREGIONDEPARTMENT0692
PHREGIONDEPARTMENT0693
PHREGIONDEPARTMENT0694
PHREGIONDEPARTMENT0695
PHREGIONDEPARTMENT0696
PHREGIONDEPARTMENT0697
PHREGIONDEPARTMENT0698
PHREGIONDEPARTMENT0699
PHREGIONDEPARTMENT0700
PHREGIONDEPARTMENT0701
PHREGIONDEPARTMENT0702
PHREGIONDEPARTMENT0703
PHREGIONDEPARTMENT0704
PHREGIONDEPARTMENT0705
PHREGIONDEPARTMENT0706
PHREGIONDEPARTMENT0707
PHREGIONDEPARTMENT0708
PHREGIONDEPARTMENT0709
PHREGIONDEPARTMENT0710
PHREGIONDEPARTMENT0711
PHREGIONDEPARTMENT0712
PHREGIONDEPARTMENT0713
PHREGIONDEPARTMENT0714
PHREGIONDEPARTMENT0715
PHREGIONDEPARTMENT0716
PHREGIONDEPARTMENT0717
PHREGIONDEPARTMENT0718
PHREGIONDEPARTMENT0719
PHREGIONDEPARTMENT0720
PHREGIONDEPARTMENT0721
PHREGIONDEPARTMENT0722
PHREGIONDEPARTMENT0723
PHREGIONDEPARTMENT0724
PHREGIONDEPARTMENT0725
PHREGIONDEPARTMENT0726
PHREGIONDEPARTMENT0727
PHREGIONDEPARTMENT0728
PHREGIONDEPARTMENT0729
PHREGIONDEPARTMENT0730
PHREGIONDEPARTMENT0731
PHREGIONDEPARTMENT0732
PHREGIONDEPARTMENT0733
PHREGIONDEPARTMENT0734
PHREGIONDEPARTMENT0735
PHREGIONDEPARTMENT0736
PHREGIONDEPARTMENT0737
PHREGIONDEPARTMENT0738
PHREGIONDEPARTMENT0739
PHREGIONDEPARTMENT0740
PHREGIONDEPARTMENT0741
PHREGIONDEPARTMENT0742
PHREGIONDEPARTMENT0743
PHREGIONDEPARTMENT0744
PHREGIONDEPARTMENT0745
PHREGIONDEPARTMENT0746
PHREGIONDEPARTMENT0747
PHREGIONDEPARTMENT0748
PHREGIONDEPARTMENT0749
PHREGIONDEPARTMENT0750
PHREGIONDEPARTMENT0751
PHREGIONDEPARTMENT0752
PHREGIONDEPARTMENT0753
PHREGIONDEPARTMENT0754
PHREGIONDEPARTMENT0755
PHREGIONDEPARTMENT0756
PHREGIONDEPARTMENT0757
PHREGIONDEPARTMENT0758
PHREGIONDEPARTMENT0759
PHREGIONDEPARTMENT0760
PHREGIONDEPARTMENT0761
PHREGIONDEPARTMENT0762
PHREGIONDEPARTMENT0763
PHREGIONDEPARTMENT0764
PHREGIONDEPARTMENT0765
PHREGIONDEPARTMENT0766
PHREGIONDEPARTMENT0767
PHREGIONDEPARTMENT0768
PHREGIONDEPARTMENT0769
PHREGIONDEPARTMENT0770
PHREGIONDEPARTMENT0771
PHREGIONDEPARTMENT0772
PHREGIONDEPARTMENT0773
PHREGIONDEPARTMENT0774
PHREGIONDEPARTMENT0775
PHREGIONDEPARTMENT0776
PHREGIONDEPARTMENT0777
PHREGIONDEPARTMENT0778
PHREGIONDEPARTMENT0779
PHREGIONDEPARTMENT0780
PHREGIONDEPARTMENT0781
PHREGIONDEPARTMENT0782
PHREGIONDEPARTMENT0783
PHREGIONDEPARTMENT0784
PHREGIONDEPARTMENT0785
PHREGIONDEPARTMENT0786
PHREGIONDEPARTMENT0787
PHREGIONDEPARTMENT0788
PHREGIONDEPARTMENT0789
PHREGIONDEPARTMENT0790
PHREGIONDEPARTMENT0791
PHREGIONDEPARTMENT0792
PHREGIONDEPARTMENT0793
PHREGIONDEPARTMENT0794
PHREGIONDEPARTMENT0795
PHREGIONDEPARTMENT0796
PHREGIONDEPARTMENT0797
PHREGIONDEPARTMENT0798
PHREGIONDEPARTMENT0799
PHREGIONDEPARTMENT0800
PHREGIONDEPARTMENT0801
PHREGIONDEPARTMENT0802
PHREGIONDEPARTMENT0803
PHREGIONDEPARTMENT0804
PHREGIONDEPARTMENT0805
PHREGIONDEPARTMENT0806
PHREGIONDEPARTMENT0807
PHREGIONDEPARTMENT0808
PHREGIONDEPARTMENT0809
PHREGIONDEPARTMENT0810
PHREGIONDEPARTMENT0811
PHREGIONDEPARTMENT0812
PHREGIONDEPARTMENT0813
PHREGIONDEPARTMENT0814
PHREGIONDEPARTMENT0815
PHREGIONDEPARTMENT0816
PHREGIONDEPARTMENT0817
PHREGIONDEPARTMENT0818
PHREGIONDEPARTMENT0819
PHREGIONDEPARTMENT0820
PHREGIONDEPARTMENT0821
PHREGIONDEPARTMENT0822
PHREGIONDEPARTMENT0823
PHREGIONDEPARTMENT0824
PHREGIONDEPARTMENT0825
PHREGIONDEPARTMENT0826
PHREGIONDEPARTMENT0827
PHREGIONDEPARTMENT0828
PHREGIONDEPARTMENT0829
PHREGIONDEPARTMENT0830
PHREGIONDEPARTMENT0831
PHREGIONDEPARTMENT0832
PHREGIONDEPARTMENT0833
PHREGIONDEPARTMENT0834
PHREGIONDEPARTMENT0835
PHREGIONDEPARTMENT0836
PHREGIONDEPARTMENT0837
PHREGIONDEPARTMENT0838
PHREGIONDEPARTMENT0839
PHREGIONDEPARTMENT0840
PHREGIONDEPARTMENT0841
PHREGIONDEPARTMENT0842
PHREGIONDEPARTMENT0843
PHREGIONDEPARTMENT0844
PHREGIONDEPARTMENT0845
PHREGIONDEPARTMENT0846
PHREGIONDEPARTMENT0847
PHREGIONDEPARTMENT0848
PHREGIONDEPARTMENT0849
PHREGIONDEPARTMENT0850
PHREGIONDEPARTMENT0851
PHREGIONDEPARTMENT0852
PHREGIONDEPARTMENT0853
PHREGIONDEPARTMENT0854
PHREGIONDEPARTMENT0855
PHREGIONDEPARTMENT0856
PHREGIONDEPARTMENT0857
PHREGIONDEPARTMENT0858
PHREGIONDEPARTMENT0859
PHREGIONDEPARTMENT0860
PHREGIONDEPARTMENT0861
PHREGIONDEPARTMENT0862
PHREGIONDEPARTMENT0863
PHREGIONDEPARTMENT0864
PHREGIONDEPARTMENT0865
PHREGIONDEPARTMENT0866
PHREGIONDEPARTMENT0867
PHREGIONDEPARTMENT0868
PHREGIONDEPARTMENT0869
PHREGIONDEPARTMENT0870
PHREGIONDEPARTMENT0871
PHREGIONDEPARTMENT0872
PHREGIONDEPARTMENT0873
PHREGIONDEPARTMENT0874
PHREGIONDEPARTMENT0875
PHREGIONDEPARTMENT0876
PHREGIONDEPARTMENT0877
PHREGIONDEPARTMENT0878
PHREGIONDEPARTMENT0879
PHREGIONDEPARTMENT0880
PHREGIONDEPARTMENT0881
PHREGIONDEPARTMENT0882
PHREGIONDEPARTMENT0883
PHREGIONDEPARTMENT0884
PHREGIONDEPARTMENT0885
PHREGIONDEPARTMENT0886
PHREGIONDEPARTMENT0887
PHREGIONDEPARTMENT0888
PHREGIONDEPARTMENT0889
PHREGIONDEPARTMENT0890
PHREGIONDEPARTMENT0891
PHREGIONDEPARTMENT0892
PHREGIONDEPARTMENT0893
PHREGIONDEPARTMENT0894
PHREGIONDEPARTMENT0895
PHREGIONDEPARTMENT0896
PHREGIONDEPARTMENT0897
PHREGIONDEPARTMENT0898
PHREGIONDEPARTMENT0899
PHREGIONDEPARTMENT0900
PHREGIONDEPARTMENT0901
PHREGIONDEPARTMENT0902
PHREGIONDEPARTMENT0903
PHREGIONDEPARTMENT0904
PHREGIONDEPARTMENT0905
PHREGIONDEPARTMENT0906
PHREGIONDEPARTMENT0907
PHREGIONDEPARTMENT0908
PHREGIONDEPARTMENT0909
PHREGIONDEPARTMENT0910
PHREGIONDEPARTMENT0911
PHREGIONDEPARTMENT0912
PHREGIONDEPARTMENT0913
PHREGIONDEPARTMENT0914
PHREGIONDEPARTMENT0915
PHREGIONDEPARTMENT0916
PHREGIONDEPARTMENT0917
PHREGIONDEPARTMENT0918
PHREGIONDEPARTMENT0919
PHREGIONDEPARTMENT0920
PHREGIONDEPARTMENT0921
PHREGIONDEPARTMENT0922
PHREGIONDEPARTMENT0923
PHREGIONDEPARTMENT0924
PHREGIONDEPARTMENT0925
PHREGIONDEPARTMENT0926
PHREGIONDEPARTMENT0927
PHREGIONDEPARTMENT0928
PHREGIONDEPARTMENT0929
PHREGIONDEPARTMENT0930
PHREGIONDEPARTMENT0931
PHREGIONDEPARTMENT0932
PHREGIONDEPARTMENT0933
PHREGIONDEPARTMENT0934
PHREGIONDEPARTMENT0935
PHREGIONDEPARTMENT0936
PHREGIONDEPARTMENT0937
PHREGIONDEPARTMENT0938
PHREGIONDEPARTMENT0939
PHREGIONDEPARTMENT0940
PHREGIONDEPARTMENT0941
PHREGIONDEPARTMENT0942
PHREGIONDEPARTMENT0943
PHREGIONDEPARTMENT0944
PHREGIONDEPARTMENT0945
PHREGIONDEPARTMENT0946
PHREGIONDEPARTMENT0947
PHREGIONDEPARTMENT0948
PHREGIONDEPARTMENT0949
PHREGIONDEPARTMENT0950
PHREGIONDEPARTMENT0951
PHREGIONDEPARTMENT0952
PHREGIONDEPARTMENT0953
PHREGIONDEPARTMENT0954
PHREGIONDEPARTMENT0955
PHREGIONDEPARTMENT0956
PHREGIONDEPARTMENT0957
PHREGIONDEPARTMENT0958
PHREGIONDEPARTMENT0959
PHREGIONDEPARTMENT0960
PHREGIONDEPARTMENT0961
PHREGIONDEPARTMENT0962
PHREGIONDEPARTMENT0963
PHREGIONDEPARTMENT0964
PHREGIONDEPARTMENT0965
PHREGIONDEPARTMENT0966
PHREGIONDEPARTMENT0967
PHREGIONDEPARTMENT0968
PHREGIONDEPARTMENT0969
PHREGIONDEPARTMENT0970
PHREGIONDEPARTMENT0971
PHREGIONDEPARTMENT0972
PHREGIONDEPARTMENT0973
PHREGIONDEPARTMENT0974
PHREGIONDEPARTMENT0975
PHREGIONDEPARTMENT0976
PHREGIONDEPARTMENT0977
PHREGIONDEPARTMENT0978
PHREGIONDEPARTMENT0979
PHREGIONDEPARTMENT0980
PHREGIONDEPARTMENT0981
PHREGIONDEPARTMENT0982
PHREGIONDEPARTMENT0983
PHREGIONDEPARTMENT0984
PHREGIONDEPARTMENT0985
PHREGIONDEPARTMENT0986
PHREGIONDEPARTMENT0987
PHREGIONDEPARTMENT0988
PHREGIONDEPARTMENT0989
PHREGIONDEPARTMENT0990
PHREGIONDEPARTMENT0991
PHREGIONDEPARTMENT0992
PHREGIONDEPARTMENT0993
PHREGIONDEPARTMENT0994
PHREGIONDEPARTMENT0995
PHREGIONDEPARTMENT0996
PHREGIONDEPARTMENT0997
PHREGIONDEPARTMENT0998
PHREGIONDEPARTMENT0999
PHREGIONDEPARTMENT1000
